X,Y,ERIC_SITE_ID,DISTRICT,PROGRAM,STATUS,SITE_NAME,ADDRESS,CITY,ZIP,COUNTY,SITE_STATUS,RULE_62_780,LEAD_OFFICE,BEGIN_DATE,END_DATE,CLASSIFICATION,TYPE,MANAGERS,X_COORDINATE,Y_COORDINATE,LATITUDE_DEGREES,LATITUDE_MINUTES,LONGITUDE_DEGREES,LONGITUDE_MINUTES,DATUM,DOCUMENTS,OBJECTID,SE_ANNO_CAD_DATA
141940.790587219,716256.502708906,DOD_10_18340,NWD,Department of Defense,Evaluation in progress,Basewide PFAS,834 Civil Engineering Squadron,Hurlburt Field,32544,Okaloosa,Open,UNDETERMINED,Tallahassee Headquarters,2015/04/01 00:00:00+00,,PFAS,Per- and polyfluoroalkyl substances (PFAS),,141940.792991,716256.507984,30,25,86,41,WGS84,https://prodenv.dep.state.fl.us/DepNexus/public/electronic-documents/DOD_10_18340/gis-facility!search,1,
81182.1474808177,709298.379606407,DOD_11_18345,NWD,Department of Defense,Evaluation in progress,Basewide PFAS,1750 Radford Blvd,Pensacola,32508,Escambia,Open,UNDETERMINED,Tallahassee Headquarters,2019/01/30 00:00:00+00,,PFAS,Per- and polyfluoroalkyl substances (PFAS),,81182.149865,709298.384916,30,21,87,19,WGS84,https://prodenv.dep.state.fl.us/DepNexus/public/electronic-documents/DOD_11_18345/gis-facility!search,2,
731911.985564865,475475.02877616,DOD_12_18337,CD,Department of Defense,Evaluation in progress,Basewide PFAS,1224 Jupiter St,Patrick Afb,32925,Brevard,Open,UNDETERMINED,Tallahassee Headquarters,2015/09/01 00:00:00+00,,PFAS,Per- and polyfluoroalkyl substances (PFAS),,731911.987871,475475.034109,28,14,80,36,WGS84,https://prodenv.dep.state.fl.us/DepNexus/public/electronic-documents/DOD_12_18337/gis-facility!search,3,
734927.850265159,502738.798580436,DOD_13_18335,CD,Department of Defense,Evaluation in progress,Basewide PFAS,Cape Canaveral,Cape Canaveral,32920,Brevard,Open,UNDETERMINED,Tallahassee Headquarters,2015/10/01 00:00:00+00,,PFAS,Per- and polyfluoroalkyl substances (PFAS),,734927.852587,502738.803865,28,29,80,34,WGS84,https://prodenv.dep.state.fl.us/DepNexus/public/electronic-documents/DOD_13_18335/gis-facility!search,4,
661183.041554587,507202.09528059,DOD_14_18354,CD,Department of Defense,Evaluation in progress,Basewide PFAS,1850 John Paul Jones Ave,Orlando,32803,Orange,Open,UNDETERMINED,Tallahassee Headquarters,2019/10/05 00:00:00+00,,PFAS,Per- and polyfluoroalkyl substances (PFAS),,661183.043899,507202.100619,28,32,81,19,WGS84,https://prodenv.dep.state.fl.us/DepNexus/public/electronic-documents/DOD_14_18354/gis-facility!search,5,
110487.644583257,749375.248614414,DOD_17_18349,NWD,Department of Defense,Evaluation in progress,Basewide PFAS,7550 USS Essex St,Milton,32570,Santa Rosa,Open,UNDETERMINED,Tallahassee Headquarters,2017/05/23 00:00:00+00,,PFAS,Per- and polyfluoroalkyl substances (PFAS),,110487.647028,749375.253926,30,43,87,1,WGS84,https://prodenv.dep.state.fl.us/DepNexus/public/electronic-documents/DOD_17_18349/gis-facility!search,6,
728440.218364204,504478.323480669,DOD_18_1092,CD,Department of Defense,Cleanup Underway,RANSOM ROAD LANDFILL - (SWMU 03),Kennedy Space Center,Orlando,32899,Orange,Open,CONTAMINATED,Tallahassee Headquarters,2004/07/09 00:00:00+00,,PFAS,Per- and polyfluoroalkyl substances (PFAS),Touraj Touran,728440.220656,504478.328752,28,30,80,38,WGS84,https://prodenv.dep.state.fl.us/DepNexus/public/electronic-documents/DOD_18_1092/gis-facility!search,7,
730044.334664406,509495.949781489,DOD_18_1095,CD,Department of Defense,,HYDROCARBON BURN FACILITY - (SWMU 07),Kennedy Space Center,Orlando,32899,Orange,Open,CONTAMINATED,Tallahassee Headquarters,2004/07/09 00:00:00+00,,PFAS,Per- and polyfluoroalkyl substances (PFAS),Touraj Touran,730044.336983,509495.95507,28,33,80,37,NAD83,https://prodenv.dep.state.fl.us/DepNexus/public/electronic-documents/DOD_18_1095/gis-facility!search,8,
724122.442863568,506588.572480977,DOD_18_18256,CD,Department of Defense,Evaluation in progress,PFAS Basewide ,Kennedy Space Center,Orlando,32899,Orange,Open,UNDETERMINED,Tallahassee Headquarters,2022/01/01 00:00:00+00,,PFAS,Per- and polyfluoroalkyl substances (PFAS),,724122.445213,506588.577807,28,31,80,40,WGS84,https://prodenv.dep.state.fl.us/DepNexus/public/electronic-documents/DOD_18_18256/gis-facility!search,9,
726830.266563964,505673.652080851,DOD_18_3213,CD,Department of Defense,,Sewage Treatment Plant 1 - (PRL 150),Kennedy Space Center,Orlando,32899,Orange,Open,CONTAMINATED,Tallahassee Headquarters,2008/01/30 00:00:00+00,,PFAS,Per- and polyfluoroalkyl substances (PFAS),Touraj Touran,726830.2689,505673.6574,28,31,80,39,WGS84,https://prodenv.dep.state.fl.us/DepNexus/public/electronic-documents/DOD_18_3213/gis-facility!search,10,
726867.709463921,513336.805882087,DOD_18_3459,CD,Department of Defense,Cleanup Underway,Sitewide - (Sitewide),Kennedy Space Center,Orlando,32899,Orange,Open,CONTAMINATED,Tallahassee Headquarters,2012/07/16 00:00:00+00,,PFAS,Per- and polyfluoroalkyl substances (PFAS),Touraj Touran,726867.7118,513336.8112,28,35,80,39,WGS84,https://prodenv.dep.state.fl.us/DepNexus/public/electronic-documents/DOD_18_3459/gis-facility!search,11,
726429.198663855,513432.596182095,DOD_18_3463,CD,Department of Defense,Evaluation in progress,Sewage Treatment Plant 4 - (PRL 182),Kennedy Space Center,Orlando,32899,Orange,Open,UNDETERMINED,Tallahassee Headquarters,2012/07/19 00:00:00+00,,PFAS,Per- and polyfluoroalkyl substances (PFAS),Touraj Touran,726429.201,513432.6015,28,35,80,39,WGS84,https://prodenv.dep.state.fl.us/DepNexus/public/electronic-documents/DOD_18_3463/gis-facility!search,12,
84186.1600810425,715225.187807528,DOD_19_18347,NWD,Department of Defense,Evaluation in progress,Basewide PFAS,Corry Airfield,Pensacola,32511,Escambia,Open,UNDETERMINED,Tallahassee Headquarters,2019/02/12 00:00:00+00,,PFAS,Per- and polyfluoroalkyl substances (PFAS),,84186.162491,715225.19308,30,24,87,17,WGS84,https://prodenv.dep.state.fl.us/DepNexus/public/electronic-documents/DOD_19_18347/gis-facility!search,13,
661544.450354961,406687.259566139,DOD_1_3540,SD,Department of Defense,Cleanup Underway,Fire Training Pit Site - (Site FT-58),29 South Blvd,Avon Park,33825,Highlands,Open,CONTAMINATED,Tallahassee Headquarters,2012/12/28 00:00:00+00,,PFAS,Per- and polyfluoroalkyl substances (PFAS),Crystal Boutwell,661544.4527,406687.2649,27,38,81,20,WGS84,https://prodenv.dep.state.fl.us/DepNexus/public/electronic-documents/DOD_1_3540/gis-facility!search,14,
247739.471299744,674825.671603467,DOD_2_18341,NWD,Department of Defense,Evaluation in progress,Basewide PFAS,445 Suwannee Rd,Panama City,32403,Bay,Open,UNDETERMINED,Tallahassee Headquarters,2015/04/01 00:00:00+00,,PFAS,Per- and polyfluoroalkyl substances (PFAS),,247739.473675,674825.676888,30,4,85,34,WGS84,https://prodenv.dep.state.fl.us/DepNexus/public/electronic-documents/DOD_2_18341/gis-facility!search,15,
158223.370788912,721485.592210213,DOD_3_18338,NWD,Department of Defense,Evaluation in progress,Basewide PFAS,501 Deleon St,Eglin Afb,32542,Okaloosa,Open,UNDETERMINED,Tallahassee Headquarters,2015/07/01 00:00:00+00,,PFAS,Per- and polyfluoroalkyl substances (PFAS),,158223.373164,721485.597513,30,28,86,31,WGS84,https://prodenv.dep.state.fl.us/DepNexus/public/electronic-documents/DOD_3_18338/gis-facility!search,16,
79614.2885804547,721848.684908621,DOD_51_18348,NWD,Department of Defense,Evaluation in progress,Basewide PFAS,6490 Saufley Field Rd,Pensacola,32509,Escambia,Open,UNDETERMINED,Tallahassee Headquarters,2019/01/30 00:00:00+00,,PFAS,Per- and polyfluoroalkyl substances (PFAS),,79614.290972,721848.690213,30,27,87,20,WGS84,https://prodenv.dep.state.fl.us/DepNexus/public/electronic-documents/DOD_51_18348/gis-facility!search,17,
604154.803744316,691882.067613117,DOD_5_18350,NED,Department of Defense,Evaluation in progress,Basewide PFAS,6500 Roosevelt Blvd,Jacksonville,32244,Duval,Open,UNDETERMINED,Tallahassee Headquarters,2017/04/11 00:00:00+00,,PFAS,Per- and polyfluoroalkyl substances (PFAS),,604154.80606,691882.072852,30,13,81,52,WGS84,https://prodenv.dep.state.fl.us/DepNexus/public/electronic-documents/DOD_5_18350/gis-facility!search,18,
623566.951046938,694124.085913919,DOD_7_18342,NED,Department of Defense,Evaluation in progress,Basewide PFAS,Facilities and Environmental Department,Jacksonville,32212,Duval,Open,UNDETERMINED,Tallahassee Headquarters,2015/04/01 00:00:00+00,,PFAS,Per- and polyfluoroalkyl substances (PFAS),,623566.953353,694124.091185,30,14,81,40,WGS84,https://prodenv.dep.state.fl.us/DepNexus/public/electronic-documents/DOD_7_18342/gis-facility!search,19,
771751.877670737,359776.364660248,ERIC_11457,SED,Responsible Party Cleanup,Cleanup Underway,City of Stuart Public Safety Complex,"800 SE MARTIN LUTHER KING, JR. BLVD",STUART,34994,Martin,Open,CONTAMINATED,Southeast District,2018/04/25 00:00:00+00,,PFAS,Per- and polyfluoroalkyl substances (PFAS),Nikol Havranek,771751.88,359776.37,27,11,80,14,NAD83,https://prodenv.dep.state.fl.us/DepNexus/public/electronic-documents/ERIC_11457/gis-facility!search,20,
773482.70867098,357188.358259924,ERIC_11461,SED,Responsible Party Cleanup,Cleanup Underway,MARTIN COUNTY PFAS CONTAMINATION,2990 SE Dixie Hwy,Stuart,34997,Martin,Open,CONTAMINATED,Southeast District,2019/02/15 00:00:00+00,,PFAS,Per- and polyfluoroalkyl substances (PFAS),Nikol Havranek,773482.711,357188.3636,27,10,80,13,WGS84,https://prodenv.dep.state.fl.us/DepNexus/public/electronic-documents/ERIC_11461/gis-facility!search,21,
597808.657645146,579354.194691882,ERIC_14990,CD,State Funded Cleanup Program,Cleanup Underway,STEVEN JACHLEWSKI PROPERTY,1880 NE 115TH TERRACE,SILVER SPRINGS,34488,Marion,Open,CONTAMINATED,Tallahassee Headquarters,2021/05/25 00:00:00+00,,PFAS,Per- and polyfluoroalkyl substances (PFAS),Brittany Plyler,597808.66,579354.2,29,12,81,57,NAD83,https://prodenv.dep.state.fl.us/DepNexus/public/electronic-documents/ERIC_14990/gis-facility!search,22,
597808.657645146,579354.194691882,ERIC_14990,CD,CERCLA Site Screening Program,Cleanup Underway,STEVEN JACHLEWSKI PROPERTY,1880 NE 115TH TERRACE,SILVER SPRINGS,34488,Marion,Open,CONTAMINATED,Central District,2017/01/27 00:00:00+00,,PFAS,Per- and polyfluoroalkyl substances (PFAS),Brittany Plyler,597808.66,579354.2,29,12,81,57,NAD83,https://prodenv.dep.state.fl.us/DepNexus/public/electronic-documents/ERIC_14990/gis-facility!search,23,
789603.836873018,297155.8495529,ERIC_15315,SED,Responsible Party Cleanup,Cleanup Underway,Umdash Real Estate Green Reuse Site,2209 7th Ave N,Lake Worth,33461,Palm Beach,Open,CONTAMINATED,Southeast District,2020/09/10 00:00:00+00,,PFAS,Per- and polyfluoroalkyl substances (PFAS),Nikol Havranek,789603.839177,297155.854876,26,37,80,4,WGS84,https://prodenv.dep.state.fl.us/DepNexus/public/electronic-documents/ERIC_15315/gis-facility!search,24,
747825.628467239,360614.995060364,ERIC_15399,SED,"State-owned Lands Cleanup Program, Site Investigation Section",Evaluation in progress,C-23 Canal PFAS Study,SW Allapatah Rd.,Indiantown,34956,Martin,Open,UNDETERMINED,Tallahassee Headquarters,2020/07/01 00:00:00+00,,PFAS,Per- and polyfluoroalkyl substances (PFAS),Mary Maurer,747825.630793,360615.000381,27,12,80,28,WGS84,https://prodenv.dep.state.fl.us/DepNexus/public/electronic-documents/ERIC_15399/gis-facility!search,25,
553537.481140081,437670.401769899,ERIC_15410,SWD,Responsible Party Cleanup,Cleanup Underway,Port of Tampa Ethanol Release,1763 Maritime Blvd,Tampa,33605,Hillsborough,Open,CONTAMINATED,Southwest District,2021/05/11 00:00:00+00,,PFAS,Per- and polyfluoroalkyl substances (PFAS),Evan Wimberly,553537.4835,437670.4071,27,56,82,26,WGS84,https://prodenv.dep.state.fl.us/DepNexus/public/electronic-documents/ERIC_15410/gis-facility!search,26,
639352.490348977,701305.299315682,ERIC_17235,NED,"State-owned Lands Cleanup Program, Site Investigation Section",Cleanup Underway,Fire Academy of the South-FSCJ,2700 Fire Fighter Memorial Dr,Jacksonville,32246,Duval,Open,CONTAMINATED,Tallahassee Headquarters,2021/04/01 00:00:00+00,,PFAS,Per- and polyfluoroalkyl substances (PFAS),Jeff Newton,639352.4927,701305.3046,30,17,81,30,WGS84,https://prodenv.dep.state.fl.us/DepNexus/public/electronic-documents/ERIC_17235/gis-facility!search,27,
771900.643070751,357880.947660008,ERIC_17255,SED,Responsible Party Cleanup,,City of Stuart Fire Station No. 2,1100 SE Monterey Rd,Stuart,34994,Martin,Open,CONTAMINATED,Southeast District,2021/06/22 00:00:00+00,,PFAS,Per- and polyfluoroalkyl substances (PFAS),Nikol Havranek,771900.645382,357880.952989,27,10,80,14,WGS84,https://prodenv.dep.state.fl.us/DepNexus/public/electronic-documents/ERIC_17255/gis-facility!search,28,
670739.422056091,479791.643576447,ERIC_17825,CD,Responsible Party Cleanup,Cleanup Underway,Narcoossee Dump,0 Jones Rd,Saint Cloud,34771,Osceola,Open,CONTAMINATED,Central District,2022/12/28 00:00:00+00,,PFAS,Per- and polyfluoroalkyl substances (PFAS),,670739.424398,479791.648897,28,17,81,14,WGS84,https://prodenv.dep.state.fl.us/DepNexus/public/electronic-documents/ERIC_17825/gis-facility!search,29,
638969.659749587,665603.326408438,ERIC_3825,NED,State Funded Cleanup Program,Cleanup Underway,Silvex,"SR 16, 1 mile west of International Golf Parkway",St Augustine,33762,St. Johns,Open,CONTAMINATED,Tallahassee Headquarters,2015/05/21 00:00:00+00,,PFAS,Per- and polyfluoroalkyl substances (PFAS),Brittany Plyler,638969.662145,665603.331675,29,58,81,31,NAD83,https://prodenv.dep.state.fl.us/DepNexus/public/electronic-documents/ERIC_3825/gis-facility!search,30,
524053.421636153,433859.080169283,ERIC_3859,SWD,State Funded Cleanup Program,Cleanup Underway,Kenbar Electroplating,14575 71st St,Largo,33771,Pinellas,Open,CONTAMINATED,Tallahassee Headquarters,2009/05/18 00:00:00+00,,PFAS,Per- and polyfluoroalkyl substances (PFAS),Opeyemi Kehinde,524053.423992,433859.085537,27,54,82,44,NAD83,https://prodenv.dep.state.fl.us/DepNexus/public/electronic-documents/ERIC_3859/gis-facility!search,31,
778087.033770321,205053.589744044,ERIC_3877,SED,State Funded Cleanup Program,Cleanup Underway,Upsilon Davis,2196 NW 17th Ave,Miami,33142,Miami-Dade,Open,CONTAMINATED,Tallahassee Headquarters,2003/12/22 00:00:00+00,,PFAS,Per- and polyfluoroalkyl substances (PFAS),,778087.036134,205053.595055,25,47,80,13,NAD83,https://prodenv.dep.state.fl.us/DepNexus/public/electronic-documents/ERIC_3877/gis-facility!search,32,
607073.061847322,450743.514771903,ERIC_3895,SWD,Responsible Party Cleanup,Cleanup Complete,Lakeland Tanning Site,Hwy 92 & Reynolds Rd,Lakeland,33801,Polk,Open,CONTAMINATED,Southwest District,2023/06/01 00:00:00+00,,PFAS,Per- and polyfluoroalkyl substances (PFAS),Philip Wilkerson,607073.0642,450743.5201,28,2,81,53,WGS84,https://prodenv.dep.state.fl.us/DepNexus/public/electronic-documents/ERIC_3895/gis-facility!search,33,
553413.905040064,437744.327569906,ERIC_3898,SWD,State Funded Cleanup Program,Cleanup Underway,Musselman Steel Corp,1711 S 20th St,Tampa,33605,Hillsborough,Open,CONTAMINATED,Tallahassee Headquarters,2013/06/03 00:00:00+00,,PFAS,Per- and polyfluoroalkyl substances (PFAS),Brittany Plyler,553413.907404,437744.332919,27,56,82,26,NAD83,https://prodenv.dep.state.fl.us/DepNexus/public/electronic-documents/ERIC_3898/gis-facility!search,34,
759971.758769086,388610.734063933,ERIC_3915,SED,State Funded Cleanup Program,Cleanup Underway,Jimmys Discount Cleaners,601 N 25th St,Fort Pierce,34947,St. Lucie,Open,CONTAMINATED,Tallahassee Headquarters,2012/04/28 00:00:00+00,,PFAS,Per- and polyfluoroalkyl substances (PFAS),Dean Cox,759971.761126,388610.739404,27,27,80,21,NAD83,https://prodenv.dep.state.fl.us/DepNexus/public/electronic-documents/ERIC_3915/gis-facility!search,35,
556854.980039015,625162.781599484,ERIC_3927,NED,State Funded Cleanup Program,Cleanup Underway,Butler Plaza,3246 SW 35th Blvd,Gainesville,32608,Alachua,Open,CONTAMINATED,Tallahassee Headquarters,2014/11/10 00:00:00+00,,PFAS,Per- and polyfluoroalkyl substances (PFAS),Brittany Plyler,556854.9824,625162.7869,29,37,82,22,WGS84,https://prodenv.dep.state.fl.us/DepNexus/public/electronic-documents/ERIC_3927/gis-facility!search,36,
789092.037272595,259241.856048945,ERIC_3933,SED,Superfund National Priorities List (NPL) Sites ,Cleanup Underway,Flash Cleaners,4131 N Federal Hwy,Pompano Beach,33064,Broward,Open,CONTAMINATED,Tallahassee Headquarters,2010/03/23 00:00:00+00,,PFAS,Per- and polyfluoroalkyl substances (PFAS),Karlee Fowler,789092.039625,259241.861426,26,16,80,5,NAD83,https://prodenv.dep.state.fl.us/DepNexus/public/electronic-documents/ERIC_3933/gis-facility!search,37,
554999.50314027,440850.557870321,ERIC_3941,SWD,State Funded Cleanup Program,Cleanup Underway,Revivation & Gulf Coast Metal Finishing Inc-Former,2402 N 35th St,Tampa,33617,Hillsborough,Open,CONTAMINATED,Tallahassee Headquarters,2015/10/23 00:00:00+00,,PFAS,Per- and polyfluoroalkyl substances (PFAS),Kyle McMurray,554999.505511,440850.563198,27,57,82,25,NAD83,https://prodenv.dep.state.fl.us/DepNexus/public/electronic-documents/ERIC_3941/gis-facility!search,38,
147135.626887711,720653.354709828,ERIC_3942,NWD,State Funded Cleanup Program,Cleanup Underway,West Florida Scrap Metal - Former,Hi - Tech Lane,Ft Walton Beach,33617,Okaloosa,Open,CONTAMINATED,Tallahassee Headquarters,2014/10/30 00:00:00+00,,PFAS,Per- and polyfluoroalkyl substances (PFAS),Dean Cox,147135.629269,720653.360013,30,28,86,38,NAD83,https://prodenv.dep.state.fl.us/DepNexus/public/electronic-documents/ERIC_3942/gis-facility!search,39,
666365.057455091,536846.161485415,ERIC_3947,CD,Superfund National Priorities List (NPL) Sites ,Cleanup Underway,Sanford Dry Cleaners,121 & 113 S Palmetto Ave,Sanford,32771,Seminole,Open,CONTAMINATED,Tallahassee Headquarters,2010/10/19 00:00:00+00,,PFAS,Per- and polyfluoroalkyl substances (PFAS),Karlee Fowler,666365.059838,536846.166766,28,48,81,15,NAD83,https://prodenv.dep.state.fl.us/DepNexus/public/electronic-documents/ERIC_3947/gis-facility!search,40,
616115.826645722,703954.09301581,ERIC_3951,NED,State Funded Cleanup Program,Cleanup Underway,Eagle - Picher Industries Facility,5901 W Beaver St,Jacksonville,32254,Duval,Open,CONTAMINATED,Tallahassee Headquarters,2015/01/28 00:00:00+00,,PFAS,Per- and polyfluoroalkyl substances (PFAS),Brittany Plyler,616115.828984,703954.098261,30,19,81,45,NAD83,https://prodenv.dep.state.fl.us/DepNexus/public/electronic-documents/ERIC_3951/gis-facility!search,41,
562365.071141267,438199.83557,ERIC_3952,SWD,State Funded Cleanup Program,Cleanup Underway,Palm River Road VOC Plume,9647 Palm River Rd,Tampa,33619,Hillsborough,Open,CONTAMINATED,Tallahassee Headquarters,2011/11/19 00:00:00+00,,PFAS,Per- and polyfluoroalkyl substances (PFAS),Nicole Knutson,562365.073496,438199.84089,27,56,82,20,WGS84,https://prodenv.dep.state.fl.us/DepNexus/public/electronic-documents/ERIC_3952/gis-facility!search,42,
779309.997270553,208929.552344359,ERIC_3954,SED,Superfund National Priorities List (NPL) Sites ,Cleanup Underway,Continental Cleaners,798 NW 62nd St,Miami,33150,Miami-Dade,Open,CONTAMINATED,Tallahassee Headquarters,2013/02/26 00:00:00+00,,PFAS,Per- and polyfluoroalkyl substances (PFAS),Karlee Fowler,779309.999559,208929.557711,25,49,80,12,NAD83,https://prodenv.dep.state.fl.us/DepNexus/public/electronic-documents/ERIC_3954/gis-facility!search,43,
525804.442336255,475119.537774885,ERIC_3961,SWD,State Funded Cleanup Program,Cleanup Underway,Satellite Archery,6016 Sherwin Dr,Port Richey,34668,Pasco,Open,CONTAMINATED,Tallahassee Headquarters,2015/12/28 00:00:00+00,,PFAS,Per- and polyfluoroalkyl substances (PFAS),Nicole Knutson,525804.444746,475119.543063,28,16,82,42,NAD83,https://prodenv.dep.state.fl.us/DepNexus/public/electronic-documents/ERIC_3961/gis-facility!search,44,
529308.228236854,431877.455269042,ERIC_3965,SWD,State Funded Cleanup Program,Cleanup Underway,118th Avenue Landfill,Between 118th Ave N Ulmerton Rd 34th ,Clearwater,33610,Pinellas,Open,CONTAMINATED,Tallahassee Headquarters,2015/12/29 00:00:00+00,,PFAS,Per- and polyfluoroalkyl substances (PFAS),Kyle McMurray,529308.230627,431877.460627,27,53,82,41,NAD83,https://prodenv.dep.state.fl.us/DepNexus/public/electronic-documents/ERIC_3965/gis-facility!search,45,
530530.466237031,423860.255568016,ERIC_3966,SWD,State Funded Cleanup Program,Cleanup Underway,Florida/Superior Plating,2885 46th Ave N,St Petersburg,33714,Pinellas,Open,CONTAMINATED,Tallahassee Headquarters,2016/03/29 00:00:00+00,,PFAS,Per- and polyfluoroalkyl substances (PFAS),,530530.468566,423860.260874,27,48,82,40,NAD83,https://prodenv.dep.state.fl.us/DepNexus/public/electronic-documents/ERIC_3966/gis-facility!search,46,
80493.1400805459,721604.814308595,ERIC_3967,NWD,State Funded Cleanup Program,Cleanup Underway,Saufley Construction & Demolition (C & D) Facility,5660 Saufley Field Rd,Pensacola,32526,Escambia,Open,CONTAMINATED,Tallahassee Headquarters,2015/12/29 00:00:00+00,,PFAS,Per- and polyfluoroalkyl substances (PFAS),Theresa Pepe,80493.142526,721604.819556,30,27,87,19,NAD83,https://prodenv.dep.state.fl.us/DepNexus/public/electronic-documents/ERIC_3967/gis-facility!search,47,
552404.932338361,629298.900300177,ERIC_3985,NED,Drycleaning Solvent Cleanup Program,Cleanup Underway,Town & Country Cleaners,1005 NW 76th Blvd,Gainesville,32606,Alachua,Open,CONTAMINATED,Tallahassee Headquarters,2000/06/21 00:00:00+00,,PFAS,Per- and polyfluoroalkyl substances (PFAS),Karlee Fowler,552404.9347,629298.9056,29,39,82,25,WGS84,https://prodenv.dep.state.fl.us/DepNexus/public/electronic-documents/ERIC_3985/gis-facility!search,48,
240133.85009872,684241.456405014,ERIC_4001,NWD,Drycleaning Solvent Cleanup Program,Cleanup Underway,Domestic Laundry & Cleaners,417 Grace Ave,Panama City,32401,Bay,Open,CONTAMINATED,Tallahassee Headquarters,2000/06/21 00:00:00+00,,PFAS,Per- and polyfluoroalkyl substances (PFAS),Nicole Knutson,240133.8525,684241.4617,30,9,85,39,WGS84,https://prodenv.dep.state.fl.us/DepNexus/public/electronic-documents/ERIC_4001/gis-facility!search,49,
777206.173070461,225584.376245841,ERIC_4048,SED,Drycleaning Solvent Cleanup Program,Cleanup Underway,Tip Top Cleaners,6909 Miramar Pkwy,Miramar,33023,Broward,Open,CONTAMINATED,Tallahassee Headquarters,2014/08/06 00:00:00+00,,PFAS,Per- and polyfluoroalkyl substances (PFAS),Dean Cox,777206.175392,225584.381625,25,58,80,13,NAD83,https://prodenv.dep.state.fl.us/DepNexus/public/electronic-documents/ERIC_4048/gis-facility!search,50,
788163.530272349,248902.751247944,ERIC_4056,SED,Drycleaning Solvent Cleanup Program,Cleanup Underway,Handcraft Custom Dry Cleaners Inc,2720 E Commercial Blvd,Ft Lauderdale,33308,Broward,Open,CONTAMINATED,Tallahassee Headquarters,2000/06/21 00:00:00+00,,PFAS,Per- and polyfluoroalkyl substances (PFAS),Karlee Fowler,788163.532592,248902.756648,26,11,80,6,NAD83,https://prodenv.dep.state.fl.us/DepNexus/public/electronic-documents/ERIC_4056/gis-facility!search,51,
785516.633971692,226169.197745834,ERIC_4075,SED,Drycleaning Solvent Cleanup Program,Cleanup Underway,House of Lorraine Valet Services Inc,500 E Hallandale Beach Blvd,Hallandale Beach,33009,Broward,Open,CONTAMINATED,Tallahassee Headquarters,2015/10/23 00:00:00+00,,PFAS,Per- and polyfluoroalkyl substances (PFAS),,785516.636254,226169.203125,25,59,80,8,NAD83,https://prodenv.dep.state.fl.us/DepNexus/public/electronic-documents/ERIC_4075/gis-facility!search,52,
773970.284070353,257531.851648867,ERIC_4123,SED,Drycleaning Solvent Cleanup Program,Cleanup Underway,One Stop Dry Cleaners & Shoe Repair,3303 University Dr E,Coral Springs,33004,Broward,Open,CONTAMINATED,Tallahassee Headquarters,2010/01/05 00:00:00+00,,PFAS,Per- and polyfluoroalkyl substances (PFAS),,773970.286374,257531.85697,26,16,80,14,NAD83,https://prodenv.dep.state.fl.us/DepNexus/public/electronic-documents/ERIC_4123/gis-facility!search,53,
780034.37347106,241037.517047247,ERIC_4160,SED,Drycleaning Solvent Cleanup Program,Cleanup Underway,Dry Cleaning Depot,3470 W Broward Blvd,Ft Lauderdale,33312,Broward,Open,CONTAMINATED,Tallahassee Headquarters,2016/02/15 00:00:00+00,,PFAS,Per- and polyfluoroalkyl substances (PFAS),Theresa Pepe,780034.375831,241037.522385,26,7,80,11,NAD83,https://prodenv.dep.state.fl.us/DepNexus/public/electronic-documents/ERIC_4160/gis-facility!search,54,
777242.228770465,225467.859945837,ERIC_4188,SED,Drycleaning Solvent Cleanup Program,Cleanup Underway,Dawn Laundry,6890 Miramar Pkwy,Miramar,33023,Broward,Open,CONTAMINATED,Tallahassee Headquarters,2008/07/08 00:00:00+00,,PFAS,Per- and polyfluoroalkyl substances (PFAS),Opeyemi Kehinde,777242.231138,225467.865277,25,58,80,13,NAD83,https://prodenv.dep.state.fl.us/DepNexus/public/electronic-documents/ERIC_4188/gis-facility!search,55,
778466.240870651,225881.306545859,ERIC_4233,SED,Drycleaning Solvent Cleanup Program,Cleanup Underway,Millionaires Drycleaners,6313 Miramar Pkwy,Miramar,33023,Broward,Open,CONTAMINATED,Tallahassee Headquarters,2000/06/21 00:00:00+00,,PFAS,Per- and polyfluoroalkyl substances (PFAS),Brittany Plyler,778466.2432,225881.3119,25,59,80,12,WGS84,https://prodenv.dep.state.fl.us/DepNexus/public/electronic-documents/ERIC_4233/gis-facility!search,56,
593123.410645281,327222.788156735,ERIC_4249,SD,Drycleaning Solvent Cleanup Program,Cleanup Underway,Comet Dry Cleaners,115 Tamiami Trl,Punta Gorda,33950,Charlotte,Open,CONTAMINATED,Tallahassee Headquarters,2005/09/20 00:00:00+00,,PFAS,Per- and polyfluoroalkyl substances (PFAS),Kyle McMurray,593123.412964,327222.793457,26,56,82,3,NAD83,https://prodenv.dep.state.fl.us/DepNexus/public/electronic-documents/ERIC_4249/gis-facility!search,57,
590603.298043289,644354.16310356,ERIC_4268,NED,Drycleaning Solvent Cleanup Program,Cleanup Underway,Allens Laundry & Dry Cleaning,7385 State Road 21,Keystone Heights,32656,Clay,Open,CONTAMINATED,Tallahassee Headquarters,2005/09/20 00:00:00+00,,PFAS,Per- and polyfluoroalkyl substances (PFAS),Brittany Plyler,590603.300428,644354.168401,29,47,82,1,NAD83,https://prodenv.dep.state.fl.us/DepNexus/public/electronic-documents/ERIC_4268/gis-facility!search,58,
530901.935034567,686844.047910802,ERIC_4289,NED,Drycleaning Solvent Cleanup Program,Cleanup Underway,Moses Cleaners,989 S First St,Lake City,32025,Columbia,Open,CONTAMINATED,Tallahassee Headquarters,2008/08/08 00:00:00+00,,PFAS,Per- and polyfluoroalkyl substances (PFAS),Karlee Fowler,530901.937444,686844.05323,30,10,82,38,NAD83,https://prodenv.dep.state.fl.us/DepNexus/public/electronic-documents/ERIC_4289/gis-facility!search,59,
779152.971170586,213206.433644734,ERIC_4365,SED,Drycleaning Solvent Cleanup Program,Cleanup Underway,International Professional Dry Cleaners,10420 NW 7th Ave,Miami,33150,Miami-Dade,Open,CONTAMINATED,Tallahassee Headquarters,2008/08/03 00:00:00+00,,PFAS,Per- and polyfluoroalkyl substances (PFAS),Nicole Knutson,779152.973494,213206.439018,25,52,80,12,NAD83,https://prodenv.dep.state.fl.us/DepNexus/public/electronic-documents/ERIC_4365/gis-facility!search,60,
778662.427370619,221265.962445445,ERIC_4413,SED,Drycleaning Solvent Cleanup Program,Cleanup Underway,Artcraft Cleaners,18405 NW 7th Ave,Miami,33169,Miami-Dade,Open,CONTAMINATED,Tallahassee Headquarters,2010/03/23 00:00:00+00,,PFAS,Per- and polyfluoroalkyl substances (PFAS),Opeyemi Kehinde,778662.4297,221265.967776,25,56,80,12,NAD83,https://prodenv.dep.state.fl.us/DepNexus/public/electronic-documents/ERIC_4413/gis-facility!search,61,
770116.135068981,192813.792843103,ERIC_4461,SED,Drycleaning Solvent Cleanup Program,Cleanup Underway,Dadeland Cleaners Inc,8695 S Dixie Hwy,Miami,33127,Miami-Dade,Open,CONTAMINATED,Tallahassee Headquarters,2000/06/21 00:00:00+00,,PFAS,Per- and polyfluoroalkyl substances (PFAS),Dean Cox,770116.137448,192813.798219,25,41,80,18,NAD83,https://prodenv.dep.state.fl.us/DepNexus/public/electronic-documents/ERIC_4461/gis-facility!search,62,
630767.420747712,705173.474716334,ERIC_4539,NED,Drycleaning Solvent Cleanup Program,Cleanup Underway,Harris Drive In Cleaners,5961 Arlington Rd,Jacksonville,32211,Duval,Open,CONTAMINATED,Tallahassee Headquarters,2015/10/20 00:00:00+00,,PFAS,Per- and polyfluoroalkyl substances (PFAS),Kyle McMurray,630767.423133,705173.479995,30,20,81,35,NAD83,https://prodenv.dep.state.fl.us/DepNexus/public/electronic-documents/ERIC_4539/gis-facility!search,63,
627647.110347656,685897.478712315,ERIC_4542,NED,Drycleaning Solvent Cleanup Program,Cleanup Underway,Jonfor Cleaners,11700 San Jose Blvd,Jacksonville,32223,Duval,Open,CONTAMINATED,Tallahassee Headquarters,2014/01/12 00:00:00+00,,PFAS,Per- and polyfluoroalkyl substances (PFAS),Karlee Fowler,627647.11271,685897.484003,30,9,81,38,NAD83,https://prodenv.dep.state.fl.us/DepNexus/public/electronic-documents/ERIC_4542/gis-facility!search,64,
614040.756145606,695202.562813969,ERIC_4544,NED,Drycleaning Solvent Cleanup Program,Cleanup Underway,Oak Hill Cleaners,7628 103rd St,Jacksonville,32210,Duval,Open,CONTAMINATED,Tallahassee Headquarters,2014/11/10 00:00:00+00,,PFAS,Per- and polyfluoroalkyl substances (PFAS),Brittany Plyler,614040.758458,695202.568111,30,14,81,46,NAD83,https://prodenv.dep.state.fl.us/DepNexus/public/electronic-documents/ERIC_4544/gis-facility!search,65,
630766.918947675,707110.661516732,ERIC_4553,NED,Drycleaning Solvent Cleanup Program,Cleanup Underway,Swift Cleaners Inc,2754 Cesery Blvd,Jacksonville,32211,Duval,Open,CONTAMINATED,Tallahassee Headquarters,2011/11/19 00:00:00+00,,PFAS,Per- and polyfluoroalkyl substances (PFAS),Opeyemi Kehinde,630766.921333,707110.666797,30,21,81,35,NAD83,https://prodenv.dep.state.fl.us/DepNexus/public/electronic-documents/ERIC_4553/gis-facility!search,66,
629045.600247764,690408.881113259,ERIC_4556,NED,Drycleaning Solvent Cleanup Program,Cleanup Underway,Signature Cleaners,9719 San Jose Blvd,Jacksonville,32257,Duval,Open,CONTAMINATED,Tallahassee Headquarters,2000/06/21 00:00:00+00,,PFAS,Per- and polyfluoroalkyl substances (PFAS),Kyle McMurray,629045.60259,690408.886363,30,12,81,37,NAD83,https://prodenv.dep.state.fl.us/DepNexus/public/electronic-documents/ERIC_4556/gis-facility!search,67,
629373.548347606,700945.250615431,ERIC_4562,NED,Drycleaning Solvent Cleanup Program,Cleanup Underway,Al Grubers Drycleaners - Former,5161 Beach Blvd,Jacksonville,32207,Duval,Open,CONTAMINATED,Tallahassee Headquarters,2011/11/19 00:00:00+00,,PFAS,Per- and polyfluoroalkyl substances (PFAS),Opeyemi Kehinde,629373.550689,700945.255941,30,17,81,36,NAD83,https://prodenv.dep.state.fl.us/DepNexus/public/electronic-documents/ERIC_4562/gis-facility!search,68,
623525.748946502,715653.946818396,ERIC_4564,NED,Drycleaning Solvent Cleanup Program,Cleanup Underway,Jet Cleaners,1440 Dunn Ave,Jacksonville,32218,Duval,Open,CONTAMINATED,Tallahassee Headquarters,2014/06/04 00:00:00+00,,PFAS,Per- and polyfluoroalkyl substances (PFAS),Brittany Plyler,623525.751345,715653.952133,30,25,81,40,NAD83,https://prodenv.dep.state.fl.us/DepNexus/public/electronic-documents/ERIC_4564/gis-facility!search,69,
620901.627046253,710138.871317184,ERIC_4575,NED,Drycleaning Solvent Cleanup Program,Cleanup Underway,Koretizing Cleaners II,2261 Edgewood Ave W,Jacksonville,32209,Duval,Open,CONTAMINATED,Tallahassee Headquarters,2008/08/08 00:00:00+00,,PFAS,Per- and polyfluoroalkyl substances (PFAS),Karlee Fowler,620901.6294,710138.8766,30,22,81,41,WGS84,https://prodenv.dep.state.fl.us/DepNexus/public/electronic-documents/ERIC_4575/gis-facility!search,70,
634582.586748488,692571.839113798,ERIC_4577,NED,Drycleaning Solvent Cleanup Program,Cleanup Underway,Princeton Cleaners,9550 Baymeadows Rd,Jacksonville,32256,Duval,Open,CONTAMINATED,Tallahassee Headquarters,2013/07/01 00:00:00+00,,PFAS,Per- and polyfluoroalkyl substances (PFAS),Opeyemi Kehinde,634582.5891,692571.8444,30,13,81,33,WGS84,https://prodenv.dep.state.fl.us/DepNexus/public/electronic-documents/ERIC_4577/gis-facility!search,71,
630570.794947732,702874.122115854,ERIC_4584,NED,Drycleaning Solvent Cleanup Program,Cleanup Underway,Art Craft Cleaners,1630 University Blvd S,Jacksonville,32216,Duval,Open,CONTAMINATED,Tallahassee Headquarters,2013/04/19 00:00:00+00,,PFAS,Per- and polyfluoroalkyl substances (PFAS),Brittany Plyler,630570.797301,702874.127371,30,18,81,35,NAD83,https://prodenv.dep.state.fl.us/DepNexus/public/electronic-documents/ERIC_4584/gis-facility!search,72,
625387.791747017,703001.494715784,ERIC_4603,NED,Drycleaning Solvent Cleanup Program,Cleanup Underway,Gulf States Beauty Supply - Former,1049 Kings Ave,Jacksonville,32207,Duval,Open,CONTAMINATED,Tallahassee Headquarters,2015/12/21 00:00:00+00,,PFAS,Per- and polyfluoroalkyl substances (PFAS),Kyle McMurray,625387.794139,703001.500046,30,18,81,39,NAD83,https://prodenv.dep.state.fl.us/DepNexus/public/electronic-documents/ERIC_4603/gis-facility!search,73,
650474.486950526,701333.92761589,ERIC_4608,NED,Drycleaning Solvent Cleanup Program,Cleanup Underway,Coles Drycleaning,731 3rd St N,Jacksonville,32250,Duval,Open,CONTAMINATED,Tallahassee Headquarters,2014/11/10 00:00:00+00,,PFAS,Per- and polyfluoroalkyl substances (PFAS),Brittany Plyler,650474.489264,701333.93287,30,17,81,23,NAD83,https://prodenv.dep.state.fl.us/DepNexus/public/electronic-documents/ERIC_4608/gis-facility!search,74,
616623.843845957,695368.794314049,ERIC_4609,NED,Drycleaning Solvent Cleanup Program,Cleanup Underway,Harveys International Dry Cleaners,6348 103rd St,Jacksonville,32210,Duval,Open,CONTAMINATED,Tallahassee Headquarters,2016/01/11 00:00:00+00,,PFAS,Per- and polyfluoroalkyl substances (PFAS),Opeyemi Kehinde,616623.846205,695368.799557,30,14,81,44,NAD83,https://prodenv.dep.state.fl.us/DepNexus/public/electronic-documents/ERIC_4609/gis-facility!search,75,
629203.018947749,692298.07401365,ERIC_4612,NED,Drycleaning Solvent Cleanup Program,Cleanup Underway,Sunbeam Dry Cleaners and Laundry,3845 Baymeadows Rd,Jacksonville,32217,Duval,Open,CONTAMINATED,Tallahassee Headquarters,2015/10/26 00:00:00+00,,PFAS,Per- and polyfluoroalkyl substances (PFAS),Opeyemi Kehinde,629203.02127,692298.079293,30,13,81,36,NAD83,https://prodenv.dep.state.fl.us/DepNexus/public/electronic-documents/ERIC_4612/gis-facility!search,76,
615963.890345731,702503.034615507,ERIC_4619,NED,Drycleaning Solvent Cleanup Program,Cleanup Underway,The Music Man,799 Lane Ave S,Jacksonville,32205,Duval,Open,CONTAMINATED,Tallahassee Headquarters,2014/10/01 00:00:00+00,,PFAS,Per- and polyfluoroalkyl substances (PFAS),Opeyemi Kehinde,615963.89267,702503.039924,30,18,81,45,NAD83,https://prodenv.dep.state.fl.us/DepNexus/public/electronic-documents/ERIC_4619/gis-facility!search,77,
624793.089446935,702916.518615756,ERIC_4621,NED,Drycleaning Solvent Cleanup Program,Cleanup Underway,Bonos Cleaners - Former,1105 San Marco Blvd,Jacksonville,32207,Duval,Open,CONTAMINATED,Tallahassee Headquarters,2015/10/26 00:00:00+00,,PFAS,Per- and polyfluoroalkyl substances (PFAS),Brittany Plyler,624793.091764,702916.523887,30,18,81,39,NAD83,https://prodenv.dep.state.fl.us/DepNexus/public/electronic-documents/ERIC_4621/gis-facility!search,78,
611554.251945175,699758.623514863,ERIC_4627,NED,Drycleaning Solvent Cleanup Program,Cleanup Underway,Coin Laundry Equipment of Jacksonville,1692 Hammond Blvd,Jacksonville,32221,Duval,Open,CONTAMINATED,Tallahassee Headquarters,2011/11/19 00:00:00+00,,PFAS,Per- and polyfluoroalkyl substances (PFAS),Opeyemi Kehinde,611554.254292,699758.628814,30,17,81,47,NAD83,https://prodenv.dep.state.fl.us/DepNexus/public/electronic-documents/ERIC_4627/gis-facility!search,79,
500677.575829898,723748.447517684,ERIC_4671,NED,Drycleaning Solvent Cleanup Program,Cleanup Underway,Jasper Laundry and Dry Cleaners,214 1st Ave SW,Jasper,32052,Hamilton,Open,CONTAMINATED,Tallahassee Headquarters,2005/09/20 00:00:00+00,,PFAS,Per- and polyfluoroalkyl substances (PFAS),Kyle McMurray,500677.578223,723748.452761,30,31,82,57,WGS84,https://prodenv.dep.state.fl.us/DepNexus/public/electronic-documents/ERIC_4671/gis-facility!search,80,
545411.134038959,450125.490871534,ERIC_4706,SWD,Drycleaning Solvent Cleanup Program,Cleanup Underway,Westwood Cleaner,4513 Gunn Hwy,Tampa,33624,Hillsborough,Open,CONTAMINATED,Tallahassee Headquarters,2008/10/23 00:00:00+00,,PFAS,Per- and polyfluoroalkyl substances (PFAS),,545411.1364,450125.4962,28,2,82,31,WGS84,https://prodenv.dep.state.fl.us/DepNexus/public/electronic-documents/ERIC_4706/gis-facility!search,81,
543821.968838746,451220.758971673,ERIC_4713,SWD,Drycleaning Solvent Cleanup Program,Cleanup Underway,Hampton Cleaners,5317 Gunn Hwy,Tampa,33624,Hillsborough,Open,CONTAMINATED,Tallahassee Headquarters,2015/10/23 00:00:00+00,,PFAS,Per- and polyfluoroalkyl substances (PFAS),,543821.971177,451220.764255,28,3,82,32,NAD83,https://prodenv.dep.state.fl.us/DepNexus/public/electronic-documents/ERIC_4713/gis-facility!search,82,
551182.222939746,445135.279270882,ERIC_4716,SWD,Drycleaning Solvent Cleanup Program,Cleanup Underway,Florida Avenue Cleaners (McNatts),6210 N Florida Ave,Tampa,33604,Hillsborough,Open,CONTAMINATED,Tallahassee Headquarters,2010/04/28 00:00:00+00,,PFAS,Per- and polyfluoroalkyl substances (PFAS),Nicole Knutson,551182.225294,445135.284576,28,0,82,27,NAD83,https://prodenv.dep.state.fl.us/DepNexus/public/electronic-documents/ERIC_4716/gis-facility!search,83,
539398.116738174,444088.441970693,ERIC_4730,SWD,Drycleaning Solvent Cleanup Program,Cleanup Underway,Town & Country Cleaners,8490 W Hillsborough Ave,Tampa,33615,Hillsborough,Open,CONTAMINATED,Tallahassee Headquarters,2013/02/26 00:00:00+00,,PFAS,Per- and polyfluoroalkyl substances (PFAS),Nicole Knutson,539398.119102,444088.447274,27,59,82,34,NAD83,https://prodenv.dep.state.fl.us/DepNexus/public/electronic-documents/ERIC_4730/gis-facility!search,84,
551135.602639721,452618.951371899,ERIC_4741,SWD,Drycleaning Solvent Cleanup Program,Cleanup Underway,Fabricare Cleaners & Laundry Inc,13541 N Florida Ave,Tampa,33613,Hillsborough,Open,CONTAMINATED,Tallahassee Headquarters,2000/06/21 00:00:00+00,,PFAS,Per- and polyfluoroalkyl substances (PFAS),Dean Cox,551135.604973,452618.95665,28,4,82,27,NAD83,https://prodenv.dep.state.fl.us/DepNexus/public/electronic-documents/ERIC_4741/gis-facility!search,85,
545590.484739024,433734.402569346,ERIC_4745,SWD,Drycleaning Solvent Cleanup Program,Cleanup Underway,Norgetown Cleaners,4336 S Manhattan Ave,Tampa,33611,Hillsborough,Open,CONTAMINATED,Tallahassee Headquarters,2000/06/21 00:00:00+00,,PFAS,Per- and polyfluoroalkyl substances (PFAS),Kyle McMurray,545590.487149,433734.40793,27,54,82,31,NAD83,https://prodenv.dep.state.fl.us/DepNexus/public/electronic-documents/ERIC_4745/gis-facility!search,86,
564418.346641559,430674.364569014,ERIC_4749,SWD,Drycleaning Solvent Cleanup Program,Cleanup Underway,McMullen Dry Cleaners Inc,7853 US Highway 301 S,Riverview,33578,Hillsborough,Open,CONTAMINATED,Tallahassee Headquarters,2000/06/21 00:00:00+00,,PFAS,Per- and polyfluoroalkyl substances (PFAS),Kyle McMurray,564418.348951,430674.369862,27,52,82,19,NAD83,https://prodenv.dep.state.fl.us/DepNexus/public/electronic-documents/ERIC_4749/gis-facility!search,87,
543266.446238664,454069.321372062,ERIC_4752,SWD,Drycleaning Solvent Cleanup Program,Cleanup Underway,McNatts Cleaners - Former Ehrlich Rd Cleaners,5227 Ehrlich Rd,Tampa,33624,Hillsborough,Open,CONTAMINATED,Tallahassee Headquarters,2010/01/14 00:00:00+00,,PFAS,Per- and polyfluoroalkyl substances (PFAS),Nicole Knutson,543266.448585,454069.326728,28,5,82,32,NAD83,https://prodenv.dep.state.fl.us/DepNexus/public/electronic-documents/ERIC_4752/gis-facility!search,88,
544940.27183889,452767.261071889,ERIC_4757,SWD,Drycleaning Solvent Cleanup Program,Cleanup Underway,Sun Village Cleaners,4540 W Village Dr,Tampa,33624,Hillsborough,Open,CONTAMINATED,Tallahassee Headquarters,2000/06/21 00:00:00+00,,PFAS,Per- and polyfluoroalkyl substances (PFAS),Theresa Pepe,544940.2742,452767.2664,28,4,82,31,WGS84,https://prodenv.dep.state.fl.us/DepNexus/public/electronic-documents/ERIC_4757/gis-facility!search,89,
584525.037044254,444618.846070958,ERIC_4783,SWD,Drycleaning Solvent Cleanup Program,Cleanup Underway,Walker Plaza,603-617 N Maryland Ave,Plant City,33563,Hillsborough,Open,CONTAMINATED,Tallahassee Headquarters,2015/10/23 00:00:00+00,,PFAS,Per- and polyfluoroalkyl substances (PFAS),Brittany Plyler,584525.039353,444618.851359,27,59,82,7,NAD83,https://prodenv.dep.state.fl.us/DepNexus/public/electronic-documents/ERIC_4783/gis-facility!search,90,
539109.734538138,444092.68247069,ERIC_4786,SWD,Drycleaning Solvent Cleanup Program,Cleanup Underway,Touch of Class Dry Cleaners,6740 Memorial Hwy,Tampa,33615,Hillsborough,Open,CONTAMINATED,Tallahassee Headquarters,2000/06/21 00:00:00+00,,PFAS,Per- and polyfluoroalkyl substances (PFAS),Theresa Pepe,539109.7369,444092.687761,27,59,82,34,NAD83,https://prodenv.dep.state.fl.us/DepNexus/public/electronic-documents/ERIC_4786/gis-facility!search,91,
546686.920439132,450679.051071608,ERIC_4787,SWD,Drycleaning Solvent Cleanup Program,Cleanup Underway,McSherrys Dry Cleaners,11612 N Dale Mabry Hwy,Tampa,33618,Hillsborough,Open,CONTAMINATED,Tallahassee Headquarters,2000/06/21 00:00:00+00,,PFAS,Per- and polyfluoroalkyl substances (PFAS),Kyle McMurray,546686.922844,450679.056404,28,3,82,30,WGS84,https://prodenv.dep.state.fl.us/DepNexus/public/electronic-documents/ERIC_4787/gis-facility!search,92,
546185.749939081,444079.57727072,ERIC_4799,SWD,Drycleaning Solvent Cleanup Program,Cleanup Underway,Carriage Trade Dry Cleaners,"3920, 3924 & 3944 W Hillsborough Av",Tampa,33614,Hillsborough,Open,CONTAMINATED,Tallahassee Headquarters,2000/06/21 00:00:00+00,,PFAS,Per- and polyfluoroalkyl substances (PFAS),Dean Cox,546185.752262,444079.582646,27,59,82,30,NAD83,https://prodenv.dep.state.fl.us/DepNexus/public/electronic-documents/ERIC_4799/gis-facility!search,93,
555612.220940334,446967.098171145,ERIC_4801,SWD,Drycleaning Solvent Cleanup Program,Cleanup Underway,Dollar Ninety-Nine Cleaners,7828 N 40th St,Tampa,33619,Hillsborough,Open,CONTAMINATED,Tallahassee Headquarters,2013/02/26 00:00:00+00,,PFAS,Per- and polyfluoroalkyl substances (PFAS),Nicole Knutson,555612.223293,446967.103512,28,1,82,24,NAD83,https://prodenv.dep.state.fl.us/DepNexus/public/electronic-documents/ERIC_4801/gis-facility!search,94,
747535.129367273,427484.883169193,ERIC_4805,SED,Drycleaning Solvent Cleanup Program,Cleanup Underway,Ar - Pats Dry Cleaners Inc,720 Harrison St,Sebastian,32958,Indian River,Open,CONTAMINATED,Tallahassee Headquarters,2000/06/21 00:00:00+00,,PFAS,Per- and polyfluoroalkyl substances (PFAS),Opeyemi Kehinde,747535.1317,427484.8885,27,48,80,27,WGS84,https://prodenv.dep.state.fl.us/DepNexus/public/electronic-documents/ERIC_4805/gis-facility!search,95,
754799.093968339,408847.82696663,ERIC_4806,SED,Drycleaning Solvent Cleanup Program,Cleanup Underway,60 Minute Cleaners,1145 20th Pl,Vero Beach,32960,Indian River,Open,CONTAMINATED,Tallahassee Headquarters,2008/11/25 00:00:00+00,,PFAS,Per- and polyfluoroalkyl substances (PFAS),Dean Cox,754799.096283,408847.832321,27,38,80,23,NAD83,https://prodenv.dep.state.fl.us/DepNexus/public/electronic-documents/ERIC_4806/gis-facility!search,96,
607011.885046833,536198.311684757,ERIC_4820,CD,Drycleaning Solvent Cleanup Program,Cleanup Underway,Johnsons Cleaners,101 W North Blvd,Leesburg,34748,Lake,Open,CONTAMINATED,Tallahassee Headquarters,2015/10/23 00:00:00+00,,PFAS,Per- and polyfluoroalkyl substances (PFAS),,607011.887417,536198.316977,28,48,81,52,NAD83,https://prodenv.dep.state.fl.us/DepNexus/public/electronic-documents/ERIC_4820/gis-facility!search,97,
611365.053147505,284133.793152323,ERIC_4847,SD,Drycleaning Solvent Cleanup Program,Cleanup Underway,Dolphin Fabricare ,7101 Cypress Lake Dr,Fort Myers,33907,Lee,Open,CONTAMINATED,Tallahassee Headquarters,2013/11/07 00:00:00+00,,PFAS,Per- and polyfluoroalkyl substances (PFAS),Nicole Knutson,611365.055467,284133.798535,26,32,81,52,NAD83,https://prodenv.dep.state.fl.us/DepNexus/public/electronic-documents/ERIC_4847/gis-facility!search,98,
366664.354013135,717595.848713757,ERIC_4873,NWD,Drycleaning Solvent Cleanup Program,Cleanup Underway,Prestige Cleaners Inc,3044 W Tharpe St,Tallahassee,32303,Leon,Open,CONTAMINATED,Tallahassee Headquarters,2015/07/13 00:00:00+00,,PFAS,Per- and polyfluoroalkyl substances (PFAS),Opeyemi Kehinde,366664.356374,717595.854006,30,27,84,20,NAD83,https://prodenv.dep.state.fl.us/DepNexus/public/electronic-documents/ERIC_4873/gis-facility!search,99,
547408.458239284,388817.399263717,ERIC_4889,SWD,Drycleaning Solvent Cleanup Program,Cleanup Underway,Birkeys Cleaners,4650 E State Road 64,Bradenton,34208,Manatee,Open,CONTAMINATED,Tallahassee Headquarters,2000/06/21 00:00:00+00,,PFAS,Per- and polyfluoroalkyl substances (PFAS),Kyle McMurray,547408.460613,388817.404561,27,29,82,30,NAD83,https://prodenv.dep.state.fl.us/DepNexus/public/electronic-documents/ERIC_4889/gis-facility!search,100,
547264.246039249,377050.293062327,ERIC_4897,SWD,Drycleaning Solvent Cleanup Program,Cleanup Underway,Touch of Class Cleaners,8420 Lockwood Ridge Rd,Sarasota,34243,Manatee,Open,CONTAMINATED,Tallahassee Headquarters,2016/06/23 00:00:00+00,,PFAS,Per- and polyfluoroalkyl substances (PFAS),Kyle McMurray,547264.2484,377050.2984,27,23,82,30,WGS84,https://prodenv.dep.state.fl.us/DepNexus/public/electronic-documents/ERIC_4897/gis-facility!search,101,
540650.770838373,380657.13766275,ERIC_4899,SWD,Drycleaning Solvent Cleanup Program,Cleanup Underway,Michael The Cleaner,6513 14th St W,Bradenton,34207,Manatee,Open,CONTAMINATED,Tallahassee Headquarters,2000/06/21 00:00:00+00,,PFAS,Per- and polyfluoroalkyl substances (PFAS),Nicole Knutson,540650.773231,380657.142955,27,25,82,34,NAD83,https://prodenv.dep.state.fl.us/DepNexus/public/electronic-documents/ERIC_4899/gis-facility!search,102,
537983.259538025,388482.527263666,ERIC_4902,SWD,Drycleaning Solvent Cleanup Program,Cleanup Underway,Darbys Cleaners and Laundry - Former,3911 Manatee Ave W,Bradenton,34205,Manatee,Open,CONTAMINATED,Tallahassee Headquarters,2000/06/21 00:00:00+00,,PFAS,Per- and polyfluoroalkyl substances (PFAS),Nicole Knutson,537983.261859,388482.532616,27,29,82,36,NAD83,https://prodenv.dep.state.fl.us/DepNexus/public/electronic-documents/ERIC_4902/gis-facility!search,103,
580993.037042908,574443.876290839,ERIC_4916,CD,Drycleaning Solvent Cleanup Program,Cleanup Underway,Magic Cleaners,2400 SE 1st Ave,Ocala,34471,Marion,Open,CONTAMINATED,Tallahassee Headquarters,2015/12/29 00:00:00+00,,PFAS,Per- and polyfluoroalkyl substances (PFAS),,580993.0394,574443.881593,29,9,82,8,NAD83,https://prodenv.dep.state.fl.us/DepNexus/public/electronic-documents/ERIC_4916/gis-facility!search,104,
580873.436342865,577223.622791313,ERIC_4918,CD,Drycleaning Solvent Cleanup Program,Cleanup Underway,Bays Cleaners,219 N Magnolia Ave,Ocala,34475,Marion,Open,CONTAMINATED,Tallahassee Headquarters,2005/09/20 00:00:00+00,,PFAS,Per- and polyfluoroalkyl substances (PFAS),Kyle McMurray,580873.438658,577223.628057,29,11,82,8,NAD83,https://prodenv.dep.state.fl.us/DepNexus/public/electronic-documents/ERIC_4918/gis-facility!search,105,
770386.287470537,359564.380460223,ERIC_4928,SED,Drycleaning Solvent Cleanup Program,Cleanup Underway,Comet Cleaners Site - Former,880 SW Federal Hwy,Stuart,34994,Martin,Open,CONTAMINATED,Tallahassee Headquarters,2000/06/21 00:00:00+00,,PFAS,Per- and polyfluoroalkyl substances (PFAS),Dean Cox,770386.2898,359564.3858,27,11,80,15,WGS84,https://prodenv.dep.state.fl.us/DepNexus/public/electronic-documents/ERIC_4928/gis-facility!search,106,
773233.979070946,356764.668559873,ERIC_4929,SED,Drycleaning Solvent Cleanup Program,Cleanup Underway,Classic Cleaners,3307 SE Federal Hwy,Stuart,34997,Martin,Open,CONTAMINATED,Tallahassee Headquarters,2001/05/17 00:00:00+00,,PFAS,Per- and polyfluoroalkyl substances (PFAS),Brittany Plyler,773233.981445,356764.673856,27,9,80,13,NAD83,https://prodenv.dep.state.fl.us/DepNexus/public/electronic-documents/ERIC_4929/gis-facility!search,107,
608144.026944076,730413.017921222,ERIC_4937,NED,Drycleaning Solvent Cleanup Program,Cleanup Underway,A1A Cleaners,110 E 1st Ave #E,Callahan,32034,Nassau,Open,CONTAMINATED,Tallahassee Headquarters,2012/10/29 00:00:00+00,,PFAS,Per- and polyfluoroalkyl substances (PFAS),Brittany Plyler,608144.02928,730413.023206,30,33,81,49,NAD83,https://prodenv.dep.state.fl.us/DepNexus/public/electronic-documents/ERIC_4937/gis-facility!search,108,
658798.323554254,506410.992680451,ERIC_5013,CD,Drycleaning Solvent Cleanup Program,Cleanup Underway,Adams Cleaners,2525 E South St,Orlando,32803,Orange,Open,CONTAMINATED,Tallahassee Headquarters,2013/11/07 00:00:00+00,,PFAS,Per- and polyfluoroalkyl substances (PFAS),Karlee Fowler,658798.325857,506410.998025,28,32,81,21,NAD83,https://prodenv.dep.state.fl.us/DepNexus/public/electronic-documents/ERIC_5013/gis-facility!search,109,
657197.104053986,513049.168681484,ERIC_5015,CD,Drycleaning Solvent Cleanup Program,Cleanup Underway,Priceless Dry Cleaners,220 N Orlando Ave,Winter Park,32789,Orange,Open,CONTAMINATED,Tallahassee Headquarters,2015/10/23 00:00:00+00,,PFAS,Per- and polyfluoroalkyl substances (PFAS),,657197.106418,513049.173982,28,35,81,21,NAD83,https://prodenv.dep.state.fl.us/DepNexus/public/electronic-documents/ERIC_5015/gis-facility!search,110,
657581.533754044,512429.432581393,ERIC_5039,CD,Drycleaning Solvent Cleanup Program,Cleanup Underway,Imperial Laundry & Dry Cleaners,901 W Fairbanks Ave,Winter Park,32789,Orange,Open,CONTAMINATED,Tallahassee Headquarters,2008/01/16 00:00:00+00,,PFAS,Per- and polyfluoroalkyl substances (PFAS),Theresa Pepe,657581.536066,512429.437932,28,35,81,21,NAD83,https://prodenv.dep.state.fl.us/DepNexus/public/electronic-documents/ERIC_5039/gis-facility!search,111,
656916.357753942,513851.878681609,ERIC_5042,CD,Drycleaning Solvent Cleanup Program,Cleanup Underway,Dryclean World,1451 Lee Rd,Winter Park,32789,Orange,Open,CONTAMINATED,Tallahassee Headquarters,2008/01/16 00:00:00+00,,PFAS,Per- and polyfluoroalkyl substances (PFAS),Dean Cox,656916.360096,513851.883955,28,36,81,22,NAD83,https://prodenv.dep.state.fl.us/DepNexus/public/electronic-documents/ERIC_5042/gis-facility!search,112,
644716.454452178,520772.628182612,ERIC_5049,CD,Drycleaning Solvent Cleanup Program,Cleanup Underway,Palace Dry Cleaners,733 S Orange Blossom Trl,Apopka,32703,Orange,Open,CONTAMINATED,Tallahassee Headquarters,2000/06/21 00:00:00+00,,PFAS,Per- and polyfluoroalkyl substances (PFAS),Dean Cox,644716.4568,520772.6335,28,40,81,29,WGS84,https://prodenv.dep.state.fl.us/DepNexus/public/electronic-documents/ERIC_5049/gis-facility!search,113,
656530.473153954,503399.576879965,ERIC_5065,CD,Drycleaning Solvent Cleanup Program,Cleanup Underway,Rips Quality Cleaners - Former,304 E Michigan St,Orlando,32806,Orange,Open,CONTAMINATED,Tallahassee Headquarters,2008/11/07 00:00:00+00,,PFAS,Per- and polyfluoroalkyl substances (PFAS),Brittany Plyler,656530.475477,503399.582204,28,30,81,22,NAD83,https://prodenv.dep.state.fl.us/DepNexus/public/electronic-documents/ERIC_5065/gis-facility!search,114,
788588.859873021,319131.554755365,ERIC_5085,SED,Drycleaning Solvent Cleanup Program,Cleanup Underway,Dapper Dan Inc,9850 Highway A1A Alt,Palm Beach Gardens,33410,Palm Beach,Open,CONTAMINATED,Tallahassee Headquarters,2015/10/26 00:00:00+00,,PFAS,Per- and polyfluoroalkyl substances (PFAS),Theresa Pepe,788588.862243,319131.560131,26,49,80,4,NAD83,https://prodenv.dep.state.fl.us/DepNexus/public/electronic-documents/ERIC_5085/gis-facility!search,115,
789302.558273118,317564.131255185,ERIC_5174,SED,Drycleaning Solvent Cleanup Program,Cleanup Underway,Cinderella Cleaners & Laundry,1454 10th St,Lake Park,33403,Palm Beach,Open,CONTAMINATED,Tallahassee Headquarters,2015/05/11 00:00:00+00,,PFAS,Per- and polyfluoroalkyl substances (PFAS),Opeyemi Kehinde,789302.560605,317564.136557,26,48,80,4,NAD83,https://prodenv.dep.state.fl.us/DepNexus/public/electronic-documents/ERIC_5174/gis-facility!search,116,
791475.769473417,314173.773254786,ERIC_5175,SED,Drycleaning Solvent Cleanup Program,Cleanup Underway,Webbs Cleaners,1601 Broadway,Riviera Beach,33404,Palm Beach,Open,CONTAMINATED,Tallahassee Headquarters,2008/05/13 00:00:00+00,,PFAS,Per- and polyfluoroalkyl substances (PFAS),Dean Cox,791475.77182,314173.77864,26,46,80,3,NAD83,https://prodenv.dep.state.fl.us/DepNexus/public/electronic-documents/ERIC_5175/gis-facility!search,117,
785955.207772519,302762.112753524,ERIC_5186,SED,Drycleaning Solvent Cleanup Program,Cleanup Underway,Admiral Cleaners,4645 Gun Club Rd,West Palm Beach,33415,Palm Beach,Open,CONTAMINATED,Tallahassee Headquarters,2000/06/21 00:00:00+00,,PFAS,Per- and polyfluoroalkyl substances (PFAS),Theresa Pepe,785955.210123,302762.11808,26,40,80,6,NAD83,https://prodenv.dep.state.fl.us/DepNexus/public/electronic-documents/ERIC_5186/gis-facility!search,118,
789354.690173004,300184.691453228,ERIC_5194,SED,Drycleaning Solvent Cleanup Program,Cleanup Underway,Ardons Fabricare Center,2565 Forest Hill Blvd,West Palm Beach,33406,Palm Beach,Open,CONTAMINATED,Tallahassee Headquarters,2000/06/21 00:00:00+00,,PFAS,Per- and polyfluoroalkyl substances (PFAS),Theresa Pepe,789354.6925,300184.6968,26,39,80,4,WGS84,https://prodenv.dep.state.fl.us/DepNexus/public/electronic-documents/ERIC_5194/gis-facility!search,119,
786147.296172499,296333.581552826,ERIC_5222,SED,Drycleaning Solvent Cleanup Program,Cleanup Underway,Colonial Drycleaners/Touch of Class Drycleaners,4552 Lake Worth Rd,Greenacres,33463,Palm Beach,Open,CONTAMINATED,Tallahassee Headquarters,2000/06/21 00:00:00+00,,PFAS,Per- and polyfluoroalkyl substances (PFAS),Brittany Plyler,786147.2985,296333.5869,26,37,80,6,WGS84,https://prodenv.dep.state.fl.us/DepNexus/public/electronic-documents/ERIC_5222/gis-facility!search,120,
577828.086843254,471800.997874724,ERIC_5232,SWD,Drycleaning Solvent Cleanup Program,Cleanup Underway,Carriage Trade Dry Cleaners,39225 12th Ave,Port Richey,34668,Pasco,Open,CONTAMINATED,Tallahassee Headquarters,2015/12/18 00:00:00+00,,PFAS,Per- and polyfluoroalkyl substances (PFAS),Kyle McMurray,577828.089236,471801.003213,28,14,82,11,WGS84,https://prodenv.dep.state.fl.us/DepNexus/public/electronic-documents/ERIC_5232/gis-facility!search,121,
527466.807936451,481240.350375764,ERIC_5243,SWD,Drycleaning Solvent Cleanup Program,Cleanup Underway,Wash Bowl,7104 Hwy 52,Port Richey,34655,Pasco,Open,CONTAMINATED,Tallahassee Headquarters,2000/06/21 00:00:00+00,,PFAS,Per- and polyfluoroalkyl substances (PFAS),,527466.810335,481240.355749,28,19,82,41,NAD83,https://prodenv.dep.state.fl.us/DepNexus/public/electronic-documents/ERIC_5243/gis-facility!search,122,
523587.475236011,463802.526373291,ERIC_5248,SWD,Drycleaning Solvent Cleanup Program,Cleanup Underway,Holiday Square Shopping Center,1034 US Highway 19,Holiday,34691,Pasco,Open,CONTAMINATED,Tallahassee Headquarters,2000/06/21 00:00:00+00,,PFAS,Per- and polyfluoroalkyl substances (PFAS),Nicole Knutson,523587.477649,463802.531742,28,10,82,44,NAD83,https://prodenv.dep.state.fl.us/DepNexus/public/electronic-documents/ERIC_5248/gis-facility!search,123,
518015.996335352,434996.772469411,ERIC_5262,SWD,Drycleaning Solvent Cleanup Program,Cleanup Underway,Bartleys Laundry & Dry Cleaners Inc,875 W Bay Dr,Largo,33770,Pinellas,Open,CONTAMINATED,Tallahassee Headquarters,2000/06/21 00:00:00+00,,PFAS,Per- and polyfluoroalkyl substances (PFAS),Theresa Pepe,518015.998653,434996.777844,27,54,82,47,NAD83,https://prodenv.dep.state.fl.us/DepNexus/public/electronic-documents/ERIC_5262/gis-facility!search,124,
526895.374836503,445832.479670875,ERIC_5277,SWD,Drycleaning Solvent Cleanup Program,Cleanup Underway,East Bay Dry Cleaners Inc,2519 N McMullen Booth Rd,Clearwater,33761,Pinellas,Open,CONTAMINATED,Tallahassee Headquarters,2000/06/21 00:00:00+00,,PFAS,Per- and polyfluoroalkyl substances (PFAS),Kyle McMurray,526895.377232,445832.484973,28,0,82,42,NAD83,https://prodenv.dep.state.fl.us/DepNexus/public/electronic-documents/ERIC_5277/gis-facility!search,125,
520083.6294356,446272.774270901,ERIC_5294,SWD,Drycleaning Solvent Cleanup Program,Cleanup Underway,Plaza Dry Cleaners & Laundry,934 Patricia Ave,Dunedin,34698,Pinellas,Open,CONTAMINATED,Tallahassee Headquarters,2000/06/21 00:00:00+00,,PFAS,Per- and polyfluoroalkyl substances (PFAS),Kyle McMurray,520083.631797,446272.779616,28,1,82,46,NAD83,https://prodenv.dep.state.fl.us/DepNexus/public/electronic-documents/ERIC_5294/gis-facility!search,126,
526813.249936496,445755.760570858,ERIC_5307,SWD,Drycleaning Solvent Cleanup Program,Cleanup Underway,Scotts Custom Cleaners,2454 N McMullen Booth Rd,Clearwater,33759,Pinellas,Open,CONTAMINATED,Tallahassee Headquarters,2000/06/21 00:00:00+00,,PFAS,Per- and polyfluoroalkyl substances (PFAS),Brittany Plyler,526813.252281,445755.765932,28,0,82,42,NAD83,https://prodenv.dep.state.fl.us/DepNexus/public/electronic-documents/ERIC_5307/gis-facility!search,127,
598609.909546179,442612.383870745,ERIC_5382,SWD,Drycleaning Solvent Cleanup Program,Cleanup Underway,Spring Fresh Dry Cleaners,1126 W Pipkin Rd,Lakeland,33811,Polk,Open,CONTAMINATED,Tallahassee Headquarters,2000/06/21 00:00:00+00,,PFAS,Per- and polyfluoroalkyl substances (PFAS),Kyle McMurray,598609.9119,442612.3892,27,58,81,58,WGS84,https://prodenv.dep.state.fl.us/DepNexus/public/electronic-documents/ERIC_5382/gis-facility!search,128,
762307.607169418,385591.071863538,ERIC_5411,SED,Drycleaning Solvent Cleanup Program,Cleanup Underway,Krauses Laundry & Drycleaning,2049 S US 1,Ft Pierce,34984,St. Lucie,Open,CONTAMINATED,Tallahassee Headquarters,2000/06/21 00:00:00+00,,PFAS,Per- and polyfluoroalkyl substances (PFAS),,762307.609465,385591.077176,27,25,80,19,NAD83,https://prodenv.dep.state.fl.us/DepNexus/public/electronic-documents/ERIC_5411/gis-facility!search,129,
557507.305540515,339499.439258121,ERIC_5433,SD,Drycleaning Solvent Cleanup Program,Cleanup Underway,Palm Cleaners,2242 Tamiami Trl S,Venice,34293,Sarasota,Open,CONTAMINATED,Tallahassee Headquarters,2000/06/21 00:00:00+00,,PFAS,Per- and polyfluoroalkyl substances (PFAS),Nicole Knutson,557507.3079,339499.4446,27,3,82,24,WGS84,https://prodenv.dep.state.fl.us/DepNexus/public/electronic-documents/ERIC_5433/gis-facility!search,130,
543136.566838694,374227.845961997,ERIC_5451,SD,Drycleaning Solvent Cleanup Program,Cleanup Underway,North Trail Laundryland,1046 Colleton Dr,Sarasota,34234,Sarasota,Open,CONTAMINATED,Tallahassee Headquarters,2000/06/21 00:00:00+00,,PFAS,Per- and polyfluoroalkyl substances (PFAS),Kyle McMurray,543136.569202,374227.85131,27,21,82,33,WGS84,https://prodenv.dep.state.fl.us/DepNexus/public/electronic-documents/ERIC_5451/gis-facility!search,131,
557384.886840497,339967.744658172,ERIC_5453,SD,Drycleaning Solvent Cleanup Program,Cleanup Underway,Royal Dry Cleaner,2117 Tamiami Trl S,Venice,34293,Sarasota,Open,CONTAMINATED,Tallahassee Headquarters,2001/02/23 00:00:00+00,,PFAS,Per- and polyfluoroalkyl substances (PFAS),Kyle McMurray,557384.889152,339967.750028,27,3,82,24,WGS84,https://prodenv.dep.state.fl.us/DepNexus/public/electronic-documents/ERIC_5453/gis-facility!search,132,
664193.354754835,530614.744084369,ERIC_5455,CD,Drycleaning Solvent Cleanup Program,Cleanup Underway,Asian Cleaners,3846 S Orlando Dr,Sanford,32773,Seminole,Open,CONTAMINATED,Tallahassee Headquarters,2015/10/23 00:00:00+00,,PFAS,Per- and polyfluoroalkyl substances (PFAS),,664193.357121,530614.749446,28,45,81,17,NAD83,https://prodenv.dep.state.fl.us/DepNexus/public/electronic-documents/ERIC_5455/gis-facility!search,133,
651568.486153107,524690.6676833,ERIC_5475,CD,Drycleaning Solvent Cleanup Program,Cleanup Underway,Sunland Cleaners,895 Fox Valley Dr,Longwood,32779,Seminole,Open,CONTAMINATED,Tallahassee Headquarters,2013/11/07 00:00:00+00,,PFAS,Per- and polyfluoroalkyl substances (PFAS),Karlee Fowler,651568.4885,524690.672971,28,42,81,25,NAD83,https://prodenv.dep.state.fl.us/DepNexus/public/electronic-documents/ERIC_5475/gis-facility!search,134,
658771.624954128,523900.131883234,ERIC_5485,CD,Drycleaning Solvent Cleanup Program,Cleanup Underway,Celebrity Dry Cleaners Inc,190 S Ronald Reagan Blvd,Longwood,32750,Seminole,Open,CONTAMINATED,Tallahassee Headquarters,2006/03/10 00:00:00+00,,PFAS,Per- and polyfluoroalkyl substances (PFAS),Dean Cox,658771.6273,523900.1372,28,41,81,20,WGS84,https://prodenv.dep.state.fl.us/DepNexus/public/electronic-documents/ERIC_5485/gis-facility!search,135,
653194.395853355,522600.877982976,ERIC_5491,CD,Drycleaning Solvent Cleanup Program,Cleanup Underway,Dry Clean World,1066 Montgomery Rd,Altamonte Springs,32714,Seminole,Open,CONTAMINATED,Tallahassee Headquarters,2011/07/27 00:00:00+00,,PFAS,Per- and polyfluoroalkyl substances (PFAS),Brittany Plyler,653194.3982,522600.8833,28,41,81,24,WGS84,https://prodenv.dep.state.fl.us/DepNexus/public/electronic-documents/ERIC_5491/gis-facility!search,136,
658707.538554065,530385.741784286,ERIC_5498,CD,Drycleaning Solvent Cleanup Program,Cleanup Underway,Dryclean World,3895 Lake Emma Rd St 167,Lake Mary,32779,Seminole,Open,CONTAMINATED,Tallahassee Headquarters,2015/10/23 00:00:00+00,,PFAS,Per- and polyfluoroalkyl substances (PFAS),,658707.5409,530385.7471,28,45,81,20,WGS84,https://prodenv.dep.state.fl.us/DepNexus/public/electronic-documents/ERIC_5498/gis-facility!search,137,
652953.640453317,522804.33688301,ERIC_5500,CD,Drycleaning Solvent Cleanup Program,Cleanup Underway,Lipham Cleaners,2492 W State Road 434,Longwood,32779,Seminole,Open,CONTAMINATED,Tallahassee Headquarters,2010/01/18 00:00:00+00,,PFAS,Per- and polyfluoroalkyl substances (PFAS),Brittany Plyler,652953.6428,522804.3422,28,41,81,24,WGS84,https://prodenv.dep.state.fl.us/DepNexus/public/electronic-documents/ERIC_5500/gis-facility!search,138,
497479.280529962,699216.783512648,ERIC_5504,NED,Drycleaning Solvent Cleanup Program,Cleanup Underway,Kathys Cleaners,202 Howard St W,Live Oak,32064,Suwannee,Open,CONTAMINATED,Tallahassee Headquarters,2008/08/08 00:00:00+00,,PFAS,Per- and polyfluoroalkyl substances (PFAS),Theresa Pepe,497479.2829,699216.7888,30,17,82,59,WGS84,https://prodenv.dep.state.fl.us/DepNexus/public/electronic-documents/ERIC_5504/gis-facility!search,139,
579427.695142671,576982.443091255,ERIC_5641,CD,"State-owned Lands Cleanup Program, Site Investigation Section",Cleanup Underway,Florida State Fire Training College Part A-1990,1501 W Silver Springs Blvd,Ocala,34475,Marion,Open,CONTAMINATED,Tallahassee Headquarters,2020/09/09 00:00:00+00,,PFAS,Per- and polyfluoroalkyl substances (PFAS),Bob Cilek,579427.697488,576982.448404,29,11,82,9,WGS84,https://prodenv.dep.state.fl.us/DepNexus/public/electronic-documents/ERIC_5641/gis-facility!search,140,
575071.609041906,591779.944593761,ERIC_6494,CD,"State-owned Lands Cleanup Program, Site Investigation Section",Cleanup Underway,Florida State Fire College - Part A,11655 NW Gainesville Rd,Ocala,34482,Marion,Open,CONTAMINATED,Tallahassee Headquarters,2018/08/20 00:00:00+00,,PFAS,Per- and polyfluoroalkyl substances (PFAS),David Meyers,575071.611379,591779.949888,29,19,82,11,WGS84,https://prodenv.dep.state.fl.us/DepNexus/public/electronic-documents/ERIC_6494/gis-facility!search,141,
578142.7809433,471186.374674635,ERIC_6495,SWD,Responsible Party Cleanup,Cleanup Underway,Zephyrhills PFAS Study - Part A,38410 6th Ave,Zephyrhills,33542,Pasco,Open,CONTAMINATED,Southwest District,2019/03/29 00:00:00+00,,PFAS,Per- and polyfluoroalkyl substances (PFAS),John R. Sego,578142.783268,471186.379977,28,14,82,10,WGS84,https://prodenv.dep.state.fl.us/DepNexus/public/electronic-documents/ERIC_6495/gis-facility!search,142,
93695.679081928,722641.650309062,ERIC_6496,NWD,Responsible Party Cleanup,Cleanup Underway,Pensacola International Airport PFAS Study - Part A,2430 Airport Blvd,Pensacola,32504,Escambia,Open,CONTAMINATED,Northwest District,2021/09/23 00:00:00+00,,PFAS,Per- and polyfluoroalkyl substances (PFAS),,93695.681517,722641.655579,30,28,87,11,WGS84,https://prodenv.dep.state.fl.us/DepNexus/public/electronic-documents/ERIC_6496/gis-facility!search,143,
547176.062638703,538314.826384528,ERIC_7394,SWD,"State-owned Lands Cleanup Program, Site Investigation Section",Cleanup Underway,Citrus County Fire Training Center,1300 S Lecanto Hwy,Lecanto,34461,Citrus,Open,CONTAMINATED,Tallahassee Headquarters,2023/03/28 00:00:00+00,,PFAS,Per- and polyfluoroalkyl substances (PFAS),Bob Cilek,547176.064999,538314.831682,28,50,82,29,WGS84,https://prodenv.dep.state.fl.us/DepNexus/public/electronic-documents/ERIC_7394/gis-facility!search,144,
541532.933238287,488811.933376946,ERIC_7395,SWD,"State-owned Lands Cleanup Program, Site Investigation Section",Cleanup Underway,Pasco County Fire Rescue Training Center,15910 Little Ranch Rd,Spring Hill,34610,Pasco,Open,CONTAMINATED,Tallahassee Headquarters,2019/03/31 00:00:00+00,,PFAS,Per- and polyfluoroalkyl substances (PFAS),Nicole Knutson,541532.9356,488811.9387,28,23,82,33,WGS84,https://prodenv.dep.state.fl.us/DepNexus/public/electronic-documents/ERIC_7395/gis-facility!search,145,
726469.887064127,463582.315674338,ERIC_7396,CD,Responsible Party Cleanup,Cleanup Underway,Melbourne Fire Training Facility,1980 Hughes Rd,Melbourne,32935,Brevard,Open,CONTAMINATED,Central District,2019/07/24 00:00:00+00,,PFAS,Per- and polyfluoroalkyl substances (PFAS),Tracy Jewsbury,726469.8894,463582.321,28,8,80,40,WGS84,https://prodenv.dep.state.fl.us/DepNexus/public/electronic-documents/ERIC_7396/gis-facility!search,146,
557983.880640673,441340.804670399,ERIC_7397,SWD,"State-owned Lands Cleanup Program, Site Investigation Section",Cleanup Underway,Hillsborough Community College FTF,5610 E Columbus Dr,Tampa,33619,Hillsborough,Open,CONTAMINATED,Tallahassee Headquarters,2019/01/01 00:00:00+00,,PFAS,Per- and polyfluoroalkyl substances (PFAS),Karlee Fowler,557983.883,441340.81,27,58,82,23,WGS84,https://prodenv.dep.state.fl.us/DepNexus/public/electronic-documents/ERIC_7397/gis-facility!search,147,
555104.53154029,438865.352970058,ERIC_7402,SWD,Responsible Party Cleanup,Cleanup Underway,Tampa Fire Rescue Training Facility,176 S 34th St,Tampa,33605,Hillsborough,Open,CONTAMINATED,Southwest District,2019/05/31 00:00:00+00,,PFAS,Per- and polyfluoroalkyl substances (PFAS),John R. Sego,555104.533856,438865.358256,27,56,82,25,WGS84,https://prodenv.dep.state.fl.us/DepNexus/public/electronic-documents/ERIC_7402/gis-facility!search,148,
625457.198949248,261089.592850097,ERIC_7404,SD,Responsible Party Cleanup,Cleanup Underway, Bonita Springs Fire Control and Rescue District ,27701 Bonita Grande Dr,Bonita Springs,34135,Lee,Open,CONTAMINATED,Southwest District,2022/08/20 00:00:00+00,,PFAS,Per- and polyfluoroalkyl substances (PFAS),Robert Sellers,625457.201328,261089.598181,26,20,81,44,WGS84,https://prodenv.dep.state.fl.us/DepNexus/public/electronic-documents/ERIC_7404/gis-facility!search,149,
565434.59584154,329820.489157073,ERIC_7405,SD,Responsible Party Cleanup,Cleanup Underway,Englewood Fire Department,13400 Haligan Way,Englewood,34223,Sarasota,Open,CONTAMINATED,Southwest District,2022/07/11 00:00:00+00,,PFAS,Per- and polyfluoroalkyl substances (PFAS),John R. Sego,565434.5982,329820.4945,26,57,82,19,WGS84,https://prodenv.dep.state.fl.us/DepNexus/public/electronic-documents/ERIC_7405/gis-facility!search,150,
88595.7599815003,715750.101307712,ERIC_7407,NWD,Responsible Party Cleanup,Cleanup Underway,Pensacola Fire Department,1 N Q St,Pensacola,32505,Escambia,Open,CONTAMINATED,Northwest District,2020/06/08 00:00:00+00,,PFAS,Per- and polyfluoroalkyl substances (PFAS),Alex Webster,88595.762356,715750.106597,30,24,87,14,WGS84,https://prodenv.dep.state.fl.us/DepNexus/public/electronic-documents/ERIC_7407/gis-facility!search,151,
789287.158672959,296000.186252777,ERIC_7408,SED,"State-owned Lands Cleanup Program, Site Investigation Section",Cleanup Underway,Palm Beach State College,4200 S Congress Ave,Lake Worth,33461,Palm Beach,Open,CONTAMINATED,Tallahassee Headquarters,2020/06/17 00:00:00+00,,PFAS,Per- and polyfluoroalkyl substances (PFAS),Dennis Jensen,789287.161045,296000.191596,26,36,80,4,WGS84,https://prodenv.dep.state.fl.us/DepNexus/public/electronic-documents/ERIC_7408/gis-facility!search,152,
775723.587870437,241772.983647345,ERIC_7409,SED,Responsible Party Cleanup,Cleanup Underway,Plantation Fire Department,550 NW 65th Ave,Plantation,33317,Broward,Open,CONTAMINATED,Southeast District,2020/02/12 00:00:00+00,,PFAS,Per- and polyfluoroalkyl substances (PFAS),Liam Broderick,775723.590227,241772.988984,26,7,80,14,WGS84,https://prodenv.dep.state.fl.us/DepNexus/public/electronic-documents/ERIC_7409/gis-facility!search,153,
758257.180268822,384358.095563374,ERIC_7410,SED,"State-owned Lands Cleanup Program, Site Investigation Section",Cleanup Underway,Indian River State College,4600 Kirby Loop Rd,Fort Pierce,34981,St. Lucie,Open,CONTAMINATED,Tallahassee Headquarters,2019/03/11 00:00:00+00,,PFAS,Per- and polyfluoroalkyl substances (PFAS),Brandie Stringer,758257.182574,384358.10093,27,25,80,22,WGS84,https://prodenv.dep.state.fl.us/DepNexus/public/electronic-documents/ERIC_7410/gis-facility!search,154,
780631.807071741,303675.533953648,ERIC_7412,SED,Responsible Party Cleanup,Cleanup Underway,Palm Beach County Fire Rescue,405 Pike Rd,Royal Palm Beach,33411,Palm Beach,Open,CONTAMINATED,Southeast District,2019/11/12 00:00:00+00,,PFAS,Per- and polyfluoroalkyl substances (PFAS),Liam Broderick,780631.809425,303675.539269,26,41,80,10,WGS84,https://prodenv.dep.state.fl.us/DepNexus/public/electronic-documents/ERIC_7412/gis-facility!search,155,
367680.87461331,714840.013613233,ERIC_7413,NWD,Responsible Party Cleanup,Cleanup Underway,Tallahassee Fire Department,2964 Municipal Way,Tallahassee,32304,Leon,Open,CONTAMINATED,Northwest District,2020/06/20 00:00:00+00,,PFAS,Per- and polyfluoroalkyl substances (PFAS),Nicole Knutson,367680.876972,714840.018905,30,26,84,20,WGS84,https://prodenv.dep.state.fl.us/DepNexus/public/electronic-documents/ERIC_7413/gis-facility!search,156,
676318.608056125,574283.664591895,ERIC_7414,CD,Responsible Party Cleanup,Cleanup Underway,Volusia County Fire Training Center,3889 Tiger Bay Rd,Daytona Beach,32124,Volusia,Open,CONTAMINATED,Central District,2019/10/28 00:00:00+00,,PFAS,Per- and polyfluoroalkyl substances (PFAS),Jeff Newton,676318.610427,574283.669855,29,8,81,9,WGS84,https://prodenv.dep.state.fl.us/DepNexus/public/electronic-documents/ERIC_7414/gis-facility!search,157,
770023.667069786,258732.432449011,ERIC_7415,SED,Responsible Party Cleanup,Cleanup Underway,Coral Springs Fire Academy ,4180 NW 120th Ave,Coral Springs,33065,Broward,Open,CONTAMINATED,Southeast District,2020/01/10 00:00:00+00,,PFAS,Per- and polyfluoroalkyl substances (PFAS),Liam Broderick,770023.6694,258732.437838,26,16,80,17,WGS84,https://prodenv.dep.state.fl.us/DepNexus/public/electronic-documents/ERIC_7415/gis-facility!search,158,
705515.880657836,87100.8306369595,ERIC_7416,SED,Responsible Party Cleanup,Cleanup Underway,Monroe County Training Academy,490 63rd Street,Conch Key,33050,Monroe,Open,CONTAMINATED,Southeast District,2023/04/05 00:00:00+00,,PFAS,Per- and polyfluoroalkyl substances (PFAS),Martina Plafcan,705515.88305,87100.835962,24,45,80,58,WGS84,https://prodenv.dep.state.fl.us/DepNexus/public/electronic-documents/ERIC_7416/gis-facility!search,159,
766879.767368814,215088.218044996,ERIC_7419,SED,Responsible Party Cleanup,Cleanup Underway,City of Hialeah Training Facility ,7590 West 24th Avenue,HIALEAH,33016,Miami-Dade,Open,CONTAMINATED,Southeast District,2019/03/14 00:00:00+00,,PFAS,Per- and polyfluoroalkyl substances (PFAS),Todd Reinhold,766879.769692,215088.22339,25,53,80,19,WGS84,https://prodenv.dep.state.fl.us/DepNexus/public/electronic-documents/ERIC_7419/gis-facility!search,160,
775125.776870011,214355.325844867,ERIC_7421,SED,"State-owned Lands Cleanup Program, Site Investigation Section",Cleanup Underway,Miami Dade College,11380 NW 27th Avenue,Miami,33167,Miami-Dade,Open,CONTAMINATED,Tallahassee Headquarters,2020/01/24 00:00:00+00,,PFAS,Per- and polyfluoroalkyl substances (PFAS),Jeff Newton,775125.7792,214355.3312,25,52,80,15,WGS84,https://prodenv.dep.state.fl.us/DepNexus/public/electronic-documents/ERIC_7421/gis-facility!search,161,
774965.074869749,197082.551243404,ERIC_7422,SED,Responsible Party Cleanup,Cleanup Underway,City of Miami Fire Rescue Training Center,3425 Jefferson St,Coconut Grove,33133,Miami-Dade,Open,CONTAMINATED,Southeast District,2020/05/26 00:00:00+00,,PFAS,Per- and polyfluoroalkyl substances (PFAS),Nikol Havranek,774965.077195,197082.556613,25,43,80,15,WGS84,https://prodenv.dep.state.fl.us/DepNexus/public/electronic-documents/ERIC_7422/gis-facility!search,162,
765639.658968511,205937.98514423,ERIC_7423,SED,Responsible Party Cleanup,Cleanup Underway,Miami Dade Fire Rescue ,9300 NW 41st St,Doral,33178,Miami-Dade,Open,CONTAMINATED,Southeast District,2020/02/13 00:00:00+00,,PFAS,Per- and polyfluoroalkyl substances (PFAS),Todd Reinhold,765639.661315,205937.9905,25,48,80,20,WGS84,https://prodenv.dep.state.fl.us/DepNexus/public/electronic-documents/ERIC_7423/gis-facility!search,163,
771074.717270633,358080.062360037,ERIC_7488,SED,"State-owned Lands Cleanup Program, Site Investigation Section",Cleanup Underway,SE Monterey Road PFAS Study,2236 SE Alhambra Ave,Stuart,34994,Martin,Open,CONTAMINATED,Tallahassee Headquarters,2019/10/04 00:00:00+00,,PFAS,Per- and polyfluoroalkyl substances (PFAS),Jeff Newton,771074.71964,358080.067746,27,10,80,14,WGS84,https://prodenv.dep.state.fl.us/DepNexus/public/electronic-documents/ERIC_7488/gis-facility!search,164,
759272.497368972,384611.092563407,ERIC_7538,SED,"State-owned Lands Cleanup Program, Site Investigation Section",Cleanup Underway,Former Fire Training Facility at Indian River State College ,35th St,Fort Pierce,34981,St. Lucie,Open,CONTAMINATED,Tallahassee Headquarters,2020/06/30 00:00:00+00,,PFAS,Per- and polyfluoroalkyl substances (PFAS),John  Travis,759272.499721,384611.097861,27,25,80,21,WGS84,https://prodenv.dep.state.fl.us/DepNexus/public/electronic-documents/ERIC_7538/gis-facility!search,165,
